{"cameraMode":{"drawMode":0,"name":"Shaded","section":"Shading Mode"},"sceneLighting":true,"audioPlay":false,"sceneViewState":{"showFog":true,"showMaterialUpdate":false,"showSkybox":true,"showFlares":true,"showImageEffects":true,"showParticleSystems":true},"in2DMode":false,"pivot":{"x":-0.040539875626564029,"y":0.3144393563270569,"z":-0.0025409585796296598},"rotation":{"x":0.021845918148756028,"y":0.06925486773252487,"z":-0.0015220994828268886,"w":0.9974281787872315},"size":0.3719259202480316,"orthographic":true}