{"cameraMode":{"drawMode":0,"name":"Shaded","section":"Shading Mode"},"sceneLighting":true,"audioPlay":false,"sceneViewState":{"showFog":true,"showMaterialUpdate":false,"showSkybox":false,"showFlares":true,"showImageEffects":true,"showParticleSystems":true},"in2DMode":false,"pivot":{"x":-0.001539871096611023,"y":0.37993934750556948,"z":0.0007646214216947556},"rotation":{"x":0.021845918148756028,"y":0.06925486773252487,"z":-0.0015220994828268886,"w":0.9974281787872315},"size":0.45999443531036379,"orthographic":true}