{"cameraMode":{"drawMode":0,"name":"Shaded","section":"Shading Mode"},"sceneLighting":true,"audioPlay":false,"sceneViewState":{"showFog":true,"showMaterialUpdate":false,"showSkybox":true,"showFlares":true,"showImageEffects":true,"showParticleSystems":true},"in2DMode":false,"pivot":{"x":0.2324601262807846,"y":-1.0610606670379639,"z":-0.0025409585796296598},"rotation":{"x":-0.018235884606838228,"y":-0.08926976472139359,"z":0.0016335912514477969,"w":-0.9958437085151672},"size":2.249492645263672,"orthographic":false}