{"cameraMode":{"drawMode":0,"name":"Shaded","section":"Shading Mode"},"sceneLighting":false,"audioPlay":false,"sceneViewState":{"showFog":true,"showMaterialUpdate":false,"showSkybox":false,"showFlares":true,"showImageEffects":true,"showParticleSystems":true},"in2DMode":false,"pivot":{"x":0.048460137099027637,"y":0.08393935859203339,"z":0.0007646214216947556},"rotation":{"x":-0.0140400230884552,"y":0.09318409860134125,"z":0.0013138327049091459,"w":0.995618999004364},"size":0.14980880916118623,"orthographic":true}