{"cameraMode":{"drawMode":0,"name":"Shaded","section":"Shading Mode"},"sceneLighting":false,"audioPlay":false,"sceneViewState":{"showFog":true,"showMaterialUpdate":false,"showSkybox":false,"showFlares":true,"showImageEffects":true,"showParticleSystems":true},"in2DMode":false,"pivot":{"x":0.014028588309884072,"y":0.2311290204524994,"z":0.0529838427901268},"rotation":{"x":0.19405609369277955,"y":0.013857139274477959,"z":-0.00274364254437387,"w":0.9809141159057617},"size":0.22625213861465455,"orthographic":false}